action,actor,user,org,repo,created_at,data.hook_id,data.events,data.events_were,data.target_login,data.old_user,data.team
user.failed_login,uday53337,uday53337,,,1604031442368,,,,,,
repo.create,uday53337,uday53337,,uday53337/learning-new-project,1603379188010,,,,,,
user.device_verification_requested,uday53337,uday53337,,,1603378986138,,,,,,
user.device_verification_success,uday53337,uday53337,,,1603785064478,,,,,,
user.failed_login,uday53337,uday53337,,,1603785032802,,,,,,
user.device_verification_success,uday53337,uday53337,,,1604031492927,,,,,,
user.login,uday53337,uday53337,,,1603295926734,,,,,,
user.device_verification_success,uday53337,uday53337,,,1603379010135,,,,,,
oauth_authorization.create,uday53337,uday53337,,,1603295962575,,,,,,
user.login,uday53337,uday53337,,,1603785064386,,,,,,
user.device_verification_requested,uday53337,uday53337,,,1603785044875,,,,,,
user.login,uday53337,uday53337,,,1603379010073,,,,,,
repo.change_merge_setting,uday53337,,,,1603379187735,,,,,,
user.login,uday53337,uday53337,,,1604031492863,,,,,,
user.device_verification_requested,uday53337,uday53337,,,1604031459328,,,,,,
user.create,uday53337,uday53337,,,1603295926020,,,,,,
user.failed_login,uday53337,uday53337,,,1604828866945,,,,,,
user.login,uday53337,uday53337,,,1604828890895,,,,,,
project.create,uday53337,,,uday53337/learning-new-project,1604204036572,,,,,,
repo.change_merge_setting,uday53337,,,,1604629607728,,,,,,
user.failed_login,uday53337,uday53337,,,1604830127935,,,,,,
repo.create,uday53337,uday53337,,uday53337/Hello-world,1604204237304,,,,,,
repo.create,uday53337,uday53337,,uday53337/demo-repo,1604828174440,,,,,,
repo.change_merge_setting,uday53337,,,,1604828174210,,,,,,
repo.create,uday53337,uday53337,,uday53337/demorepo,1604629607952,,,,,,
repo.change_merge_setting,uday53337,,,,1604204237099,,,,,,
